id,email
bad8a5a0-ec08-412e-8f19-0d9e993d5651,ivanov@example.com
bf8732c8-208b-4c1e-af7f-a996eb0f1061,petrov@example.com
5488e8d0-bd5b-46f7-b0bc-d94076add996,sidorova@example.com
33dea239-2610-49d9-8f33-748f62f04e74,smirnov@example.com
c7cabdc2-d5c7-4b0b-b607-fe7e3774bfab,kuznetsova@example.com
a2c7e633-3b34-4143-801a-65fe6f700364,vasiliev@example.com
ed01868b-f88b-4afe-a9bb-5284e00230cc,fedorova@example.com
21e41d95-b4e3-4599-bd8f-944dde04f6cb,nikolaev@example.com
07a33f8c-3fd4-43be-a10d-9ab824301689,morozova@example.com
9742cf5e-0880-4f57-a0de-1d3bb315f01b,belov@example.com
d1e498e0-2d34-49f3-896e-5309e31e6ecb,grigorieva@example.com
156df69b-fc84-4149-a733-7b70d1b4a111,tarasov@example.com
67fa667a-2fc8-41b9-b710-ace86f5e56fc,kozlov@example.com
d87c8b99-54f5-45cb-a639-ba959293023e,pavlova@example.com
8aab8056-cf47-43d4-9cd7-16557089b4ea,semenov@example.com
6b30c1d6-5dc9-42e5-817c-41ec6a22659d,volkova@example.com
a8941a92-c908-4426-8e69-a896196467db,alekseev@example.com
f9f1add9-0321-4917-8f92-271a2204df5d,lebedeva@example.com
3f6fe29a-9338-449b-a6b3-8be82ef24f8e,sokolov@example.com
707eaedc-b284-4c7e-9ef8-ac8b0691f974,kiseleva@example.com
28786a1b-d0c5-404e-be11-399cb8dcf4e9,novikov@example.com
21cc75fe-63ea-43c4-8232-c93ffccd30b0,morozov@example.com
53f908b8-5353-403c-a5c5-9c3f3fc92392,egorova@example.com
91e806c5-cac6-4789-a8fe-f94c6ca9c545,pavlov@example.com
651f03c3-6581-4636-9602-a6c17e1eca12,stepanova@example.com
246e7d6b-6774-476e-ad67-c2e5d0e52b6b,nikitin@example.com
3734ba99-a18b-4eda-a827-4b4881de5195,zakharova@example.com
47749086-988c-443f-9e4b-e49716cd01fd,borisov@example.com
2f0083df-d72c-4c50-a9ea-72c6e742537d,kovaleva@example.com
9d24ba0a-6811-493f-8f0b-438667cf319a,gerasimov@example.com
6ff7e9d8-3c9f-4d09-82ef-f4f963972f88,titova@example.com
2c354bc1-5c3d-41b3-b406-4540b3fac852,danilov@example.com
8cd1cbaf-e589-4009-b74b-797d5be8ca33,filippova@example.com
2a1102ab-bb9f-40ce-9155-10e25e35f364,komarov@example.com
af8d1940-6755-44f1-becf-eafcdfba3457,orlova@example.com
30bab7ef-90c2-4b2f-84e1-8c36ca13d09a,andreev@example.com
eab25f5b-ed35-4925-86de-83a96698187f,guseva@example.com
e91ba438-a838-476a-9c05-070116511640,sorokin@example.com
93316aa7-6909-4152-8ea4-09839ba4f25a,vinogradova@example.com
bb12a3dc-5d3b-4fb9-8a73-acddee0e9fae,konstantinov@example.com
cb16721f-b794-4cf9-91de-124cd4f9b8f1,larina@example.com
4889eebd-778a-4947-ae1b-a50f4688731d,mikhailov@example.com
7b5fc9f9-2e4c-43a1-b6d2-f0b5edf43b96,svetlova@example.com
0581f28e-c41a-4cb2-9d07-1efd86700e10,dmitriev@example.com
42d43b62-9d1e-4a75-98b6-cf48f6e76aeb,belyaeva@example.com
446a4190-0a9a-49db-b205-2099138c15ef,frolov@example.com
d82bbccc-7456-445e-9834-eeffad9d5a0e,gromova@example.com
68d5fa2e-c914-42b6-a4ae-12416b539b08,tikhonov@example.com
ad5887f2-0bec-4c4a-b8e0-318fb303d99e,krylova@example.com
4b5377fa-cb51-4954-8552-54acb626c108,medvedev@example.com
